employee0,Test@1213
employee1,Test@1213
employee2,Test@1213
employee3,Test@1213
employee4,Test@1213
employee5,Test@1213
employee6,Test@1213
employee7,Test@1213
employee8,Test@1213
employee9,Test@1213
employee10,Test@1213
employee11,Test@1213
employee12,Test@1213
employee13,Test@1213
employee14,Test@1213
employee15,Test@1213
employee16,Test@1213
employee17,Test@1213
employee18,Test@1213
employee19,Test@1213
employee20,Test@1213
employee21,Test@1213
employee22,Test@1213
employee23,Test@1213
employee24,Test@1213
employee25,Test@1213
employee26,Test@1213
employee27,Test@1213
employee28,Test@1213
employee29,Test@1213
employee30,Test@1213
employee31,Test@1213
employee32,Test@1213
employee33,Test@1213
employee34,Test@1213
employee35,Test@1213
employee36,Test@1213
employee37,Test@1213
employee38,Test@1213
employee39,Test@1213
employee40,Test@1213
employee41,Test@1213
employee42,Test@1213
employee43,Test@1213
employee44,Test@1213
employee45,Test@1213
employee46,Test@1213
employee47,Test@1213
employee48,Test@1213
employee49,Test@1213
employee50,Test@1213
employee51,Test@1213
employee52,Test@1213
employee53,Test@1213
employee54,Test@1213
employee55,Test@1213
employee56,Test@1213
employee57,Test@1213
employee58,Test@1213
employee59,Test@1213
employee60,Test@1213
employee61,Test@1213
employee62,Test@1213
employee63,Test@1213
employee64,Test@1213
employee65,Test@1213
employee66,Test@1213
employee67,Test@1213
employee68,Test@1213
employee69,Test@1213
employee70,Test@1213
employee71,Test@1213
employee72,Test@1213
employee73,Test@1213
employee74,Test@1213
employee75,Test@1213
employee76,Test@1213
employee77,Test@1213
employee78,Test@1213
employee79,Test@1213
employee80,Test@1213
employee81,Test@1213
employee82,Test@1213
employee83,Test@1213
employee84,Test@1213
employee85,Test@1213
employee86,Test@1213
employee87,Test@1213
employee88,Test@1213
employee89,Test@1213
employee90,Test@1213
employee91,Test@1213
employee92,Test@1213
employee93,Test@1213
employee94,Test@1213
employee95,Test@1213
employee96,Test@1213
employee97,Test@1213
employee98,Test@1213
employee99,Test@1213
